{
  "methods": [
    "LSENet",
    "DeSE",
    "Louvain",
    "Leiden",
    "Infomap",
    "Spectral"
  ],
  "se_methods": [
    "DeSE",
    "LSENet"
  ],
  "datasets": [
    "Cora",
    "Citeseer",
    "Photo"
  ],
  "table": {
    "Cora": {
      "LSENet": {
        "nmi": 0.4951,
        "ari": 0.4183
      },
      "DeSE": {
        "nmi": 0.5788173349698446,
        "ari": 0.5221677222300973
      },
      "Louvain": {
        "nmi": 0.4470301666958012,
        "ari": 0.26007844573777317
      },
      "Leiden": {
        "nmi": 0.46497015870523356,
        "ari": 0.2616413386448626
      },
      "Infomap": {
        "nmi": 0.45030283517204617,
        "ari": 0.26194730486182843
      },
      "Spectral": {
        "nmi": 0.09543437567843185,
        "ari": -0.003947185969401281
      }
    },
    "Citeseer": {
      "LSENet": {
        "nmi": 0.09359999999999999,
        "ari": 0.11320000000000001
      },
      "DeSE": {
        "nmi": 0.442866271239132,
        "ari": 0.4478707950895446
      },
      "Louvain": {
        "nmi": 0.3252774647430926,
        "ari": 0.09536850214309193
      },
      "Leiden": {
        "nmi": 0.32741434441237055,
        "ari": 0.08019492222768465
      },
      "Infomap": {
        "nmi": 0.3411539533601047,
        "ari": 0.17518041038636878
      },
      "Spectral": {
        "nmi": 0.01692760831577852,
        "ari": 0.004792606208837502
      }
    },
    "Photo": {
      "LSENet": {
        "nmi": 0.6673,
        "ari": 0.5742
      },
      "Louvain": {
        "nmi": 0.6569003236556127,
        "ari": 0.5815612471338556
      },
      "Leiden": {
        "nmi": 0.6621895343630577,
        "ari": 0.568425437971573
      },
      "Infomap": {
        "nmi": 0.5681370199715478,
        "ari": 0.35007221438229347
      },
      "Spectral": {
        "nmi": 0.007155549949006135,
        "ari": 0.00045954789636746293
      }
    }
  }
}